{
  "model__alpha": 1.3364961159866529,
  "model__fit_intercept": true,
  "model__l1_ratio": 0.9656320330745594
}